name,URL_to_harvest,url FIDELIS,FIDELIS member,FAIRsharing ID,remarks
ARCHE,https://arche.acdh.oeaw.ac.at/browser/,https://arche.acdh.oeaw.ac.at/browser/,True,,added from FIDELIS 2026-09-24
ASAP (Automated Single-cell Analysis Portal),https://asap.epfl.ch/,https://asap.epfl.ch/,True,,added from FIDELIS 2026-09-24
CESSDA ERIC,https://www.cessda.eu/,https://www.cessda.eu/,True,,added from FIDELIS 2026-09-24; URL_to_harvest ok?
CORA.Repositori de Dades de Recerca,https://dataverse.csuc.cat/,https://dataverse.csuc.cat/,True,,added from FIDELIS 2026-09-24;
CRIS UNS,https://cris.uns.ac.rs/en,https://cris.uns.ac.rs/en,True,,added from FIDELIS 2026-09-24;
DOME Registry,https://registry.dome-ml.org/intro,https://registry.dome-ml.org/intro,True,,added from FIDELIS 2026-09-24;
e-cienciaDatos,https://edatos.consorciomadrono.es/,https://edatos.consorciomadrono.es/,True,,added from FIDELIS 2026-09-24;
Edinburgh DataShare,https://datashare.ed.ac.uk/,https://datashare.ed.ac.uk/,True,,added from FIDELIS 2026-09-24;
GrantHub,https://granthub.cz/,https://granthub.cz/,True,,added from FIDELIS 2026-09-24; not a repo - still harvest?
PHAIDRA - University of Padua,https://phaidra.unipd.it/,https://phaidra.unipd.it/,True,,added from FIDELIS 2026-09-24;
PIST,,http://www.pist.tn/,True,,"added from FIDELIS 2026-09-24; URL cant be reached, so dropped from URL_to_harvest"
Radboud Data Repository,https://data.ru.nl/,https://data.ru.nl/,True,,added from FIDELIS 2026-09-24;
SOCIB Data Repository,https://www.socib.es/en,https://www.socib.es/en,True,,added from FIDELIS 2026-09-24; URL_to_harvest potentially https://apps.socib.es/repositorio-institucional/en/ better choice
UTM-CSIC Data Centre,https://data.utm.csic.es/portal/#overview-2,https://data.utm.csic.es/portal/#overview-2,True,,added from FIDELIS 2026-09-24;
DANS - Life Sciences,https://dans.knaw.nl/nl/life-sciences/,https://dans.knaw.nl/nl/life-sciences/,True,5214,FAIRsharing links https://lifesciences.datastations.nl/
DANS - Social Sciences,https://dans.knaw.nl/nl/social-sciences-and-humanities/,https://dans.knaw.nl/nl/social-sciences-and-humanities/,True,5489,FAIRSharing links https://ssh.datastations.nl/
World Data Center for Climate (WDCC),https://www.wdc-climate.de/ui/,https://www.wdc-climate.de/ui/,True,2493,FAIRsharing links to https://cera-www.dkrz.de/WDCC/ui/cerasearch/ which redirects to https://www.wdc-climate.de/ui/
DataverseNO,https://site.uit.no/dataverseno/,https://site.uit.no/dataverseno/,True,2955,FAIRsharing links to https://dataverse.no/
DASS,https://dass.credi.ba/,https://dass.credi.ba/,True,3345,FAIRsharing name: DASS-BiH
STRING Database,https://string-db.org/,https://string-db.org/cgi/input?sessionId=bMVuI2wd2eY5&input_page_show_search=on,True,1875,"FIDELIS hold the ""long"" URL while FAIRsharing links to https://string-db.org/"
"RADaR - Digital Repository ""Sinisa Stankovic""",https://radar.ibiss.bg.ac.rs/,https://www.ibiss.bg.ac.rs/sr-yu/o-institutu/istorijat/o-institutu,True,None,FIDELIS links to institute not assoc. repo
RIVEC,https://rivec.institut-palanka.rs/,https://institut-palanka.rs/rs,True,None,FIDELIS links to institute not assoc. repo
MorpheusML Model Repository,,https://morpheus.gitlab.io/,True,4401,modeling and simulation environment - Includes option to publish multicellular simulation models
HOMEROS- Oscars Project,,https://oscars-project.eu/projects/homeros-harmonising-observations-multi-hazard-environments-research-open-science,True,None,project website
Coscine,https://about.coscine.de/,https://about.coscine.de/,True,5377,RDM platform
GESIS- Leibniz Institute for the Social Science,https://www.gesis.org/en/data-services,https://www.gesis.org/en/data-services,True,None,RDM platform incl. repo
AgroPortal,https://agroportal.lirmm.fr/,https://agroportal.lirmm.fr/,True,2540,repo of ontologies
PANGAEA,https://pangaea.de/,https://www.pangaea.de/about/,True,2161,"small diff between URLs - e.g. no JSON-LD on the ""about"" page. FAIRsharing links to https://www.pangaea.de"
Sikt Research Data Archive,https://sikt.no/en/archiving-research-data,https://sikt.no/en/about-sikt,True,2597,"unclear. ""government IT provider delivering national services for education and research"" but incl. Repo"
myLaminin,,https://www.mylaminin.net/,True,None,unclear. Commercial RDM - no obvious repo
4TU.ResearchData,https://data.4tu.nl/,https://community.data.4tu.nl/,True,2537,
ADP - Social Science Data Archive,https://www.adp.fdv.uni-lj.si/,https://www.adp.fdv.uni-lj.si/,True,6680,
APIS,https://www.apis.ics.ulisboa.pt/,,False,,
ARP Research Data Repository,https://repo.researchdata.hu/,https://repo.researchdata.hu/,True,4585,
ArrayExpress,https://www.ebi.ac.uk/arrayexpress/,,False,1845,
AUSSDA,https://aussda.at/,,False,,
Austrian NeuroCloud,https://anc.plus.ac.at/index.html,https://anc.plus.ac.at/index.html,True,7250,
BacDive,https://bacdive.dsmz.de/,,False,,
Bgee,https://www.bgee.org/,,False,1770,
BioImage Archive,https://www.ebi.ac.uk/bioimage-archive/,,False,2830,
BioModels,https://www.ebi.ac.uk/biomodels/,,False,1846,
BioSamples,https://www.ebi.ac.uk/biosamples/,,False,1554,
BioStudies,https://www.ebi.ac.uk/biostudies/,,False,2507,
Borealis (Canadian Dataverse Repository),https://borealisdata.ca/,https://borealisdata.ca/,True,2542,
Camtree: the Cambridge Teacher Research Exchange,https://library.camtree.org/home,https://library.camtree.org/home,True,None,
CATH,https://www.cathdb.info/,,False,,
Cave Fauna of Greece Database,https://database.inspee.gr/,,False,,
CDS (Copernicus Climate Data Store),https://cds.climate.copernicus.eu/,,False,,
Cellosaurus,https://www.cellosaurus.org/,,False,2348,
Center for Socio-Political Data (CDSP),https://data.sciencespo.fr/dataverse/cdsp,https://data.sciencespo.fr/dataverse/cdsp,True,4438,
CER - Central Repository,https://cer.ihtm.bg.ac.rs/,https://cer.ihtm.bg.ac.rs/,True,None,
CERN Document Server,https://repository.cern/,,False,,
ChEMBL,https://www.ebi.ac.uk/chembl/,,False,1561,
CLARIN,https://www.clarin.eu/content/national-consortia,https://www.clarin.eu/,True,,
CROSSDA,https://www.crossda.hr/,https://www.crossda.hr/,True,4230,
CSDA,https://archiv.soc.cas.cz/en/,,False,,
DAIS,https://dais.sanu.ac.rs/,https://dais.sanu.ac.rs/,True,None,
DASSI,https://www.dassi-archive.it/,,False,,
DataRepositóriUM,https://datarepositorium.uminho.pt/,https://datarepositorium.uminho.pt/,True,3845,
DataverseLV,https://dv.dataverse.lv/dataverse/root,https://dv.dataverse.lv/dataverse/root,True,,
DataverseUA,https://opendata.nas.gov.ua/,https://opendata.nas.gov.ua/,True,None,
DATICE,https://datice.is/is,,False,,
DisProt,https://disprot.org/,https://disprot.org/,True,1904,
DTU DATA,https://data.dtu.dk/,https://data.dtu.dk/,True,None,
EGA (European Genome-phenome Archive),https://ega-archive.org/,,False,1865,
EMDB (Electron Microscopy Data Bank),https://www.ebi.ac.uk/emdb/,,False,2126,
EMPIAR,https://www.ebi.ac.uk/empiar/,,False,2649,
ENA (European Nucleotide Archive),https://www.ebi.ac.uk/ena,,False,1850,
EnergoLocal,https://www.verdava.ro/,,False,,
EPrints UKLO (UKLO Institutional Repository),https://eprints.uklo.edu.mk,,False,,
ESGF (Earth System Grid Federation - EU Node at DKRZ),https://esgf-metagrid.cloud.dkrz.de/search,,False,,
ESRF Cultural Heritage database,https://cultural-heritage.esrf.fr/tomo/,,False,,
ESRF Data Portal,https://data.esrf.fr/,https://smis.esrf.fr/,True,,
EVA (European Variation Archive),https://www.ebi.ac.uk/eva/,,False,2155,
Fairdata Services,https://www.fairdata.fi/,https://www.fairdata.fi/,True,6385,
Finnish Social Science Data Archive,https://www.fsd.tuni.fi/en/,https://www.fsd.tuni.fi/en/,True,2997,
FiVeR,https://fiver.ifvcns.rs/,https://fiver.ifvcns.rs/,True,None,
FSD,https://www.fsd.tuni.fi/en/,,False,,
GFZ Data Services,https://dataservices.gfz-potsdam.de/web/,,False,,
Glittr,https://glittr.org,https://glittr.org/?per_page=25&sort_by=stargazers&sort_direction=desc,True,5916,
Goethe University Data Repository (GUDe),https://gude.uni-frankfurt.de/home,https://gude.uni-frankfurt.de/home,True,None,
GWAS Catalog,https://www.ebi.ac.uk/gwas/,,False,2740,
INFRA-ART Spectral Library,https://infraart.inoe.ro/,https://infraart.inoe.ro/,True,6329,
INSPIRE,https://inspirehep.net/,,False,,
IntAct,https://www.ebi.ac.uk/intact/,,False,1599,
ISSDA,http://www.ucd.ie/issda/,,False,,
KU Leuven RDR,https://rdr.kuleuven.be/,https://rdr.kuleuven.be/,True,5905,
LDC (Linguistic Data Consortium),https://www.ldc.upenn.edu/,,False,,
LiDA,https://lida.dataverse.lt/,https://lida.dataverse.lt/,True,4595,
LINDAT CLARIAH-CZ,https://lindat.mff.cuni.cz/,https://lindat.mff.cuni.cz/,True,None,
LIPID MAPS,https://www.lipidmaps.org/,,False,2090,
MetaboLights,https://www.ebi.ac.uk/metabolights/,,False,1711,
ModelArchive,https://www.modelarchive.org/,,False,2249,
OMA,https://omabrowser.org/oma/home/,,False,,
OrthoDB,https://www.orthodb.org/,,False,2080,
Ortolang,https://www.ortolang.fr/en/home/,https://www.ortolang.fr/en/home/,True,None,
Oxford Brookes University Radar,https://radar.brookes.ac.uk/radar/hierarchy.do?topic=86e2c9d7-ef43-4b54-a387-3223d30acd3b,https://radar.brookes.ac.uk/radar/hierarchy.do?topic=86e2c9d7-ef43-4b54-a387-3223d30acd3b,True,None,
Paleontology database,https://paleo.esrf.fr/,,False,,
PARADISEC (Pacific and Regional Archive for Digital Sources in Endangered Cultures),https://www.paradisec.org.au/,,False,,
PDBe (Protein Data Bank in Europe),https://www.ebi.ac.uk/pdbe/,,False,1860,
PolarTRUST Meteo-Data Repository,https://data.polarmeteoroloji.com/,,False,,
Portality,https://portality.tech/,,False,,
PortFIR,https://portfir.insa.min-saude.pt/,,False,,
PRIDE,https://www.ebi.ac.uk/pride/,,False,1863,
PROGEDO,https://www.progedo.fr/en/home/,,False,,
Quetelet-Progedo,https://data.progedo.fr/,https://data.progedo.fr/,True,6525,
reactome,https://reactome.org/,,False,,
Recherche Data Gouv France,https://recherche.data.gouv.fr/en/page/about-recherche-data-gouv,https://recherche.data.gouv.fr/en/page/about-recherche-data-gouv,True,None,
Rhea,https://www.rhea-db.org/,,False,1639,
RiuNet,https://upv-es.libguides.com/acceso-abierto/riunet#s-lg-box-16339192,https://upv-es.libguides.com/acceso-abierto/riunet#s-lg-box-16339192,True,None,
RoHub,https://www.rohub.org/,https://www.rohub.org/,True,4119,
Slovak Archive of Social Data (SASD),https://sasd.sav.sk/en/,https://sasd.sav.sk/en/,True,None,
SoDaNet,http://sodanet.gr/,,False,,
SODHA,https://www.sodha.be/,,False,,
STOREDB,https://www.storedb.org/store_v3/,https://www.storedb.org/store_v3/,True,2362,
Strasbourg Astronomical Data Centre,https://cds.unistra.fr/,https://cds.unistra.fr/about/cds/,True,None,
Swiss Food Composition Database,http://naehrwertdaten.ch,,False,,
SWISSUbase,https://www.swissubase.ch/en/,https://www.swissubase.ch/en/,True,,
Tarki,http://www.tarki.hu/eng,,False,,
The Human Organ Atlas,https://human-organ-atlas.esrf.fr/,,False,,
The Language Bank of Finland,https://www.kielipankki.fi/language-bank/,https://www.kielipankki.fi/language-bank/,True,None,
The Qualitative Data Repository,https://qdr.syr.edu/,https://qdr.syr.edu/,True,2506,
TROLLing,https://dataverse.no/dataverse/trolling,https://dataverse.no/dataverse/trolling,True,2929,
UIST Digital Repository,http://repository.uist.edu.mk/,,False,,
UK Data Service,https://ukdataservice.ac.uk/about/,https://ukdataservice.ac.uk/about/,True,2502,
UniProt,http://www.uniprot.org/,,False,2077,